{
  "problem_metadata": {
    "test_function": "Michalewicz_Function",
    "dimensionality": 10,
    "lower_bounds": [
      0,
      0,
      0,
      0,
      0,
      0,
      0,
      0,
      0,
      0
    ],
    "upper_bounds": [
      3.141592653589793,
      3.141592653589793,
      3.141592653589793,
      3.141592653589793,
      3.141592653589793,
      3.141592653589793,
      3.141592653589793,
      3.141592653589793,
      3.141592653589793,
      3.141592653589793
    ],
    "replication_number": 30
  },
  "algorithm_parameters": {
    "acquisition_function": "y",
    "kernel": "Matern52",
    "initial_samples": 10,
    "BO_iterations": 300,
    "total_samples": 300,
    "batch_size": 1,
    "other_params": {},
    "seed_start": 12345
  },
  "extra_info": {
    "team_notes": "SPOT Kriging 30 repeats with different seeds",
    "code_reference": "",
    "other_files": []
  },
  "search_iterations": [
    {
      "iterations": 1,
      "batch_size": 1,
      "sampled_locations": [
        {
          "locations": [
            1.4353044306100886,
            1.57369903802929,
            2.482160576354149,
            1.4299500220193695,
            2.041594269406039,
            3.0051291217419087,
            0.8435000482126205,
            1.3604254896357455,
            1.9589880196154281,
            2.3296200238039813
          ],
          "evaluations": -4.508903029187882
        }
      ]
    },
    {
      "iterations": 2,
      "batch_size": 1,
      "sampled_locations": [
        {
          "locations": [
            1.518313775555545,
            2.711026708667368,
            2.861825763290542,
            0.24629191334546288,
            0.15718175454345673,
            1.5709271516131114,
            1.8771718132317383,
            0.7885629475549631,
            1.6556777299795173,
            2.532528039272453
          ],
          "evaluations": -4.916125840403712
        }
      ]
    },
    {
      "iterations": 3,
      "batch_size": 1,
      "sampled_locations": [
        {
          "locations": [
            3.0710885121826044,
            2.745177449918291,
            2.2238797599174602,
            2.486034886599853,
            0.9845327871856085,
            2.1824880955458377,
            2.2212686263467853,
            3.037739594834314,
            1.6557863776780968,
            0.7055473127555676
          ],
          "evaluations": -5.126070678963704
        }
      ]
    },
    {
      "iterations": 4,
      "batch_size": 1,
      "sampled_locations": [
        {
          "locations": [
            2.20269367572516,
            2.7117247295525266,
            2.2192831948237375,
            1.1137887567372065,
            0.996692654024918,
            0.11016888303237014,
            0.8427636685269865,
            1.7560879409787051,
            0.7434744268642428,
            2.7203174435954987
          ],
          "evaluations": -6.55871215494118
        }
      ]
    },
    {
      "iterations": 5,
      "batch_size": 1,
      "sampled_locations": [
        {
          "locations": [
            2.1914829728156926,
            1.5736873056658316,
            3.062061539181867,
            0.22653263266110446,
            2.221198660759134,
            0.9091400128147873,
            2.2217247343070574,
            2.355857111731264,
            0.26686123453969524,
            3.141592653589793
          ],
          "evaluations": -4.885861632321941
        }
      ]
    },
    {
      "iterations": 6,
      "batch_size": 1,
      "sampled_locations": [
        {
          "locations": [
            2.227816629034938,
            2.7300863216920517,
            1.253526205335819,
            2.492520892831686,
            2.2178902543396957,
            1.573704148955076,
            1.4490024108636261,
            1.7540740526070395,
            0.7294899385520608,
            0.7036362360868901
          ],
          "evaluations": -7.726591014657732
        }
      ]
    },
    {
      "iterations": 7,
      "batch_size": 1,
      "sampled_locations": [
        {
          "locations": [
            2.204996950914204,
            1.5725098508300246,
            1.6726448036451163,
            2.625395964732419,
            2.6271273841894374,
            1.8028275467836536,
            0.8427100401382301,
            2.3560352068961063,
            0.7430945067363564,
            1.3130608522595189
          ],
          "evaluations": -4.4221318891284795
        }
      ]
    },
    {
      "iterations": 8,
      "batch_size": 1,
      "sampled_locations": [
        {
          "locations": [
            2.6958714986920085,
            1.5740743203906773,
            2.494659206207993,
            0.587181630626427,
            2.3907449247716497,
            0.9098483456154567,
            1.4542229296914162,
            2.6042438540403055,
            0.3105442538986857,
            2.329530107122783
          ],
          "evaluations": -4.019349214148662
        }
      ]
    },
    {
      "iterations": 9,
      "batch_size": 1,
      "sampled_locations": [
        {
          "locations": [
            2.176200900277428,
            1.5758960475723336,
            1.3219993708024604,
            2.4811934201656074,
            1.021255900896084,
            2.399635879269636,
            0.8425598358176819,
            1.7590419203021868,
            2.2215156186277785,
            1.5686571881745235
          ],
          "evaluations": -8.256748304329303
        }
      ]
    },
    {
      "iterations": 10,
      "batch_size": 1,
      "sampled_locations": [
        {
          "locations": [
            2.1840624721702415,
            2.7048602050462285,
            0.8603441367320109,
            1.1145615911138207,
            2.2208471952797324,
            2.245202232917933,
            1.2085074155696258,
            0.48644336007015554,
            1.282949542335833,
            1.2190888532948332
          ],
          "evaluations": -4.793245503180125
        }
      ]
    },
    {
      "iterations": 11,
      "batch_size": 1,
      "sampled_locations": [
        {
          "locations": [
            0.3492982676286033,
            1.570861048398366,
            1.8511575071239765,
            0.10478339216595504,
            0.08804719337950204,
            2.0274846872379553,
            0.8428263684421281,
            1.3605631183971858,
            1.6557058626143466,
            0.7054068569936536
          ],
          "evaluations": -5.264467609587344
        }
      ]
    },
    {
      "iterations": 12,
      "batch_size": 1,
      "sampled_locations": [
        {
          "locations": [
            2.2020226862856034,
            3.009004911260536,
            1.2849189032738237,
            2.482062251429064,
            0.3890388628024568,
            1.5707835368894743,
            1.4543915330249453,
            2.60440395891412,
            1.958950818657612,
            0.1799015498763437
          ],
          "evaluations": -5.802838702385664
        }
      ]
    },
    {
      "iterations": 13,
      "batch_size": 1,
      "sampled_locations": [
        {
          "locations": [
            2.866368349000129,
            2.0299376913455744,
            1.2850340407757745,
            2.258519438504354,
            2.0032295239820246,
            1.7365833500757486,
            0.8427062819432832,
            0.7885137645791067,
            0.7434919377421468,
            1.5708061675864387
          ],
          "evaluations": -4.088500365640353
        }
      ]
    },
    {
      "iterations": 14,
      "batch_size": 1,